{
  "IcoMoonType": "selection",
  "icons": [
    {
      "icon": {
        "paths": [
          "M1750.71 495.484h-990.968",
          "M1750.71 941.419h-1651.613",
          "M1750.71 82.581h-1651.613"
        ],
        "attrs": [
          {
            "fill": "none",
            "stroke": "rgb(30, 235, 205)",
            "strokeLinejoin": "miter",
            "strokeLinecap": "round",
            "strokeMiterlimit": "4",
            "strokeWidth": 165.16129032258064
          },
          {
            "fill": "none",
            "stroke": "rgb(189, 254, 244)",
            "strokeLinejoin": "miter",
            "strokeLinecap": "round",
            "strokeMiterlimit": "4",
            "strokeWidth": 165.16129032258064
          },
          {
            "fill": "none",
            "stroke": "rgb(189, 254, 244)",
            "strokeLinejoin": "miter",
            "strokeLinecap": "round",
            "strokeMiterlimit": "4",
            "strokeWidth": 165.16129032258064
          }
        ],
        "width": 1850,
        "isMulticolor": false,
        "isMulticolor2": true,
        "grid": 16,
        "tags": [
          "mobile-menu"
        ],
        "colorPermutations": {
          "1892542441302352051": [
            {
              "s": 0
            },
            {
              "s": 1
            },
            {
              "s": 1
            }
          ]
        }
      },
      "attrs": [
        {
          "fill": "none",
          "stroke": "rgb(30, 235, 205)",
          "strokeLinejoin": "miter",
          "strokeLinecap": "round",
          "strokeMiterlimit": "4",
          "strokeWidth": 165.16129032258064
        },
        {
          "fill": "none",
          "stroke": "rgb(189, 254, 244)",
          "strokeLinejoin": "miter",
          "strokeLinecap": "round",
          "strokeMiterlimit": "4",
          "strokeWidth": 165.16129032258064
        },
        {
          "fill": "none",
          "stroke": "rgb(189, 254, 244)",
          "strokeLinejoin": "miter",
          "strokeLinecap": "round",
          "strokeMiterlimit": "4",
          "strokeWidth": 165.16129032258064
        }
      ],
      "properties": {
        "order": 2,
        "id": 492,
        "name": "mobile-menu",
        "prevSize": 32
      },
      "setIdx": 0,
      "setId": 1,
      "iconIdx": 0
    }
  ],
  "height": 1024,
  "preferences": {
    "showGlyphs": true,
    "showQuickUse": true,
    "showQuickUse2": true,
    "showSVGs": true,
    "fontPref": {
      "prefix": "icon-",
      "metadata": {
        "fontFamily": "icomoon"
      },
      "metrics": {
        "emSize": 1024,
        "baseline": 6.25,
        "whitespace": 50
      },
      "embed": false
    },
    "imagePref": {
      "prefix": "icon-",
      "png": true,
      "useClassSelector": true,
      "color": 0,
      "bgColor": 16777215,
      "classSelector": ".icon",
      "name": "icomoon"
    },
    "historySize": 50,
    "showCodes": true,
    "gridSize": 16
  }
}